Workbook

Sheet AC+coolers
A1: States | B1: 2011 | C1: 2012 | D1: 2013 | E1: 2014 | F1: 2015 | G1: 2016 | H1: 2017 | I1: 2018 | J1: 2019 | K1: 2020 | L1: 2021 | M1: 2022 | N1: 2023
A2: Andhra Pradesh | B2: 87307.008 | C2: 117308.55 | D2: 157619.59 | E2: 211861.25 | F2: 284558.32 | G2: 382341.84 | H2: 513726.97 | I2: 690260.33 | J2: 927456.3 | K2: 1246160.6 | L2: 1674382 | M2: 2242270.2 | N2: 3031810
A3: Arunachal Pradesh | B3: 1655.4171 | C3: 1794.4677 | D3: 1945.1982 | E3: 2066.12 | F3: 2285.7056 | G3: 2477.6987 | H3: 2685.8188 | I3: 2911.4204 | J3: 3155.9719 | K3: 3421.0652 | L3: 3708.4255 | M3: 4827.77 | N3: 3703
A4: Assam | B4: 5942.7391 | C4: 7334.9339 | D4: 9053.2758 | E4: 11139.615 | F4: 13791.924 | G4: 17022.933 | H4: 21010.865 | I4: 25933.043 | J4: 32008.33 | K4: 39506.864 | L4: 48762.067 | M4: 61886.75 | N4: 72467
A5: Bihar | B5: 33241.706 | C5: 42739.412 | D5: 54950.771 | E5: 71588.08 | F5: 90837.314 | G5: 116791.04 | H5: 150160.18 | I5: 193063.43 | J5: 248224.86 | K5: 319146.82 | L5: 410332.36 | M5: 468582.36 | N5: 753702
A6: Chandigarh | B6: 7055.3777 | C6: 9483.0428 | D6: 12746.036 | E6: 17034.95 | F6: 23026.611 | G6: 30949.773 | H6: 41599.192 | I6: 55912.941 | J6: 75151.867 | K6: 101010.66 | L6: 135767.13 | M6: 192033.76 | N6: 234399
A7: Chhattisgarh | B7: 180082.98 | C7: 232782.2 | D7: 300903.24 | E7: 387364.67 | F7: 502783.56 | G7: 649917.41 | H7: 840108.28 | I7: 1085956.3 | J7: 1403749 | K7: 1814540.1 | L7: 2345544.4 | M7: 3146128.2 | N7: 3792505
A8: Delhi | B8: 2620349.3 | C8: 2653863.6 | D8: 2687806.7 | E8: 2759405.1 | F8: 2757000.6 | G8: 2792262.8 | H8: 2827975.9 | I8: 2864145.8 | J8: 2900778.3 | K8: 2937879.4 | L8: 2975455 | M8: 2666800.8 | N8: 3402330
A9: Goa | B9: 652.05889 | C9: 1021.8731 | D9: 1601.4267 | E9: 2461.92 | F9: 3933.0305 | G9: 6163.6424 | H9: 9659.3423 | I9: 15137.623 | J9: 23722.901 | K9: 37177.307 | L9: 58262.357 | M9: 108539.41 | N9: 122705
A10: Gujarat | B10: 94753.176 | C10: 127324.25 | D10: 171091.51 | E10: 229560.18 | F10: 308932.19 | G10: 415126.55 | H10: 557824.84 | I10: 749575.18 | J10: 1007239 | K10: 1353473.9 | L10: 1818725.8 | M10: 2477010.8 | N10: 3244949
A11: Himachal Pradesh | B11: 2716.0146 | C11: 3840.9294 | D11: 5431.7597 | E11: 7640.66 | F11: 10862.98 | G11: 15362.193 | H11: 21724.883 | I11: 30722.862 | J11: 43447.61 | K11: 61442.675 | L11: 86890.908 | M11: 128915.05 | N11: 166522
A12: Haryana | B12: 1662362.9 | C12: 1794571.5 | D12: 1937294.8 | E12: 2117093.3 | F12: 2257696.7 | G12: 2437252.6 | H12: 2631088.7 | I12: 2840340.7 | J12: 3066234.6 | K12: 3310093.9 | L12: 3573347.6 | M12: 3455621.5 | N12: 4592190
... A33: West Bengal | B33: 32840.966 | C33: 45585.746 | D33: 63276.464 | E33: 88485.55 | F33: 121918.19 | G33: 169231.67 | H33: 234906.36 | I33: 326067.8 | J33: 452606.78 | K33: 628252.47 | L33: 872061.96 | M33: 1132419.7 | N33: 1782829

Sheet pct AC 2014
B2: 2014 | C2: States | D2: Air coolers | E2: Air conditionner | F2: TOTAL (cooler + AC) | G2: ratio AC for Total in 2014
B3: Jammu & Kashmir | C3: 01 | D3: 72711.69 | E3: 12341.44 | F3: =SUM(D3:E3) -> 85053.13 | G3: =E3/F3 -> 0.14510271
B4: Himachal Pradesh | C4: 02 | D4: 7640.66 | E4: 0 | F4: =SUM(D4:E4) -> 7640.66 | G4: =E4/F4 -> 0
B5: Punjab | C5: 03 | D5: 790034.76 | E5: 150961.98 | F5: =SUM(D5:E5) -> 940996.74 | G5: =E5/F5 -> 0.16042774
B6: Chandigarh | C6: 04 | D6: 16051.63 | E6: 983.32 | F6: =SUM(D6:E6) -> 17034.95 | G6: =E6/F6 -> 0.05772368
B7: Uttarakhand | C7: 05 | D7: 114025.06 | E7: 1930.67 | F7: =SUM(D7:E7) -> 115955.73 | G7: =E7/F7 -> 0.016650061
B8: Haryana | C8: 06 | D8: 2065418.4 | E8: 51674.91 | F8: =SUM(D8:E8) -> 2117093.3 | G8: =E8/F8 -> 0.024408424
B9: Delhi | C9: 07 | D9: 2596942 | E9: 162463.1 | F9: =SUM(D9:E9) -> 2759405.1 | G9: =E9/F9 -> 0.058876131
B10: Rajasthan | C10: 08 | D10: 1519495.4 | E10: 83291.92 | F10: =SUM(D10:E10) -> 1602787.3 | G10: =E10/F10 -> 0.05196692
B11: Uttar Pradesh | C11: 09 | D11: 1331426.1 | E11: 143024.05 | F11: =SUM(D11:E11) -> 1474450.1 | G11: =E11/F11 -> 0.097001619
B12: Bihar | C12: 10 | D12: 65330.42 | E12: 6257.66 | F12: =SUM(D12:E12) -> 71588.08 | G12: =E12/F12 -> 0.087412038
B13: Sikkim | C13: 11 | D13: 29.3 | E13: 0 | F13: =SUM(D13:E13) -> 29.3 | G13: =E13/F13 -> 0
B14: Arunachal Pradesh | C14: 12 | D14: 626.24 | E14: 1439.88 | F14: =SUM(D14:E14) -> 2066.12 | G14: =E14/F14 -> 0.69690047
... B38: Ladakh | C38: Total général | D38: 12261419 | E38: 1534617.7 | F38: =SUM(D38:E38) -> 13796036 | G38: =E38/F38 -> 0.11123613

Sheet Note
A1: Sources: | B1: Données AC + coolers! (pas juste AC) - et pas de fan
A2: les données proviennent d'énquete de consommation faites par le gouvernement indien (site : https://microdata.gov.in/NADA/index.php/home); dans la partie Household consumption expenditure (HCES), la doc est sur le site + d'une année sur l'autre, les questionnaires changent
A3: 2010-2011 | B3: données ne mathcent pas celles des années suivantes
A4: 2014 | B4: HCES2014
A5: 2022 | B5: HCES2022
A6: 2023 | B6: HCES2023
A8: Commentaires
A9: 1) Vérification des données de 2023 grace à la Table 22 (qui donne % de ménage avec AC + coolers installés ) - utilisation du nombre de ménage par state calculé dans HCES 2023 (via pondération)
A10: les données de l'enquete de consommation sont très proches de celle de la Table 22 - meme ordres de grandeurs)
A11: States | B11: hyp d'apres Table 22 (% x nb hh) | C11: données conso HCES
A12: Jammu & Kashmir | B12: 591481.83 | C12: 474528
A13: Himachal Pradesh | B13: 104457.64 | C13: 166522
A14: Punjab | B14: 4027306.6 | C14: 4813724
A15: Chandigarh | B15: 266748.07 | C15: 234399
B16: 342091.94 | C16: 724626
A18: 2) pour l'année 2014, j'ai les données d'AC et de air cooler séparées (que j'ai sommées pour continuité avec les autres enquêtes, mais peut permettre de retrouver le pourcentage d'AC "seul" en faisant hypothèses sur raztio AC/coolers)
A19: voir onglet pct AC 2014
A21: 3) Données Inde:
A22: Total général | B22: 2014 | C22: 2022 | D22: 2023
A23: India | B23: 13796036 | C23: 68492497 | D23: 86663904
A26: 4) IMPORTANT, je n'ai les données que pour 2014, 2022 et 2023 --> donc régression pour avoir les données manquantes
A27: f(X) = alpha + beta exp(X) avec X l'année --> testé sur seulement trois années (2014, 2022 et 2023) donc données extrapolées à prendre avec des pincettes (à utiliser?)
A29: 5) les problèmes
A30: Problème ASSAM : pas de données en 2014, regardé AC 2014/AC 2022 pour états du NE, pris 18% de données de 2022 (ou je supprime juste la ligne?)
A31: Problème Delhi: données 2014 supérieures à 2022
A32: Problème AP et JK : données AC 2022 supérieures à 2023

Sheet vérif+2014
B1: 2014
B2: States | D2: st | E2: st_name | F2: States | G2: Total | P2: Vérif Evolution
A3: 1 | B3: Andhra Pradesh | C3: Andhra Pradesh | D3: 1 | E3: ANP | F3: 28 | G3: 211861.25 | H3: Andhra Pradesh | I3: Andhra Pradesh | O3: Andhra Pradesh | P3: ='AC+coolers'!C2-'AC+coolers'!B2 -> 30001.537 | Q3: ='AC+coolers'!D2-'AC+coolers'!C2 -> 40311.045 | R3: ='AC+coolers'!E2-'AC+coolers'!D2 -> 54241.66 | S3: ='AC+coolers'!F2-'AC+coolers'!E2 -> 72697.065 | T3: ='AC+coolers'!G2-'AC+coolers'!F2 -> 97783.524 | U3: ='AC+coolers'!H2-'AC+coolers'!G2 -> 131385.13 | V3: ='AC+coolers'!I2-'AC+coolers'!H2 -> 176533.35 | W3: ='AC+coolers'!J2-'AC+coolers'!I2 -> 237195.98 | ... AA3: ='AC+coolers'!N2-'AC+coolers'!M2 -> 789539.78
A4: 2 | B4: Arunachal Pradesh | C4: Arunachal Pradesh | D4: 2 | E4: ARN | F4: 12 | G4: 2066.12 | H4: Arunachal Pradesh | I4: Arunachal Pradesh | O4: Arunachal Pradesh | P4: ='AC+coolers'!C3-'AC+coolers'!B3 -> 139.05061 | Q4: ='AC+coolers'!D3-'AC+coolers'!C3 -> 150.73049 | R4: ='AC+coolers'!E3-'AC+coolers'!D3 -> 120.92178 | S4: ='AC+coolers'!F3-'AC+coolers'!E3 -> 219.58557 | T4: ='AC+coolers'!G3-'AC+coolers'!F3 -> 191.99316 | U4: ='AC+coolers'!H3-'AC+coolers'!G3 -> 208.12007 | V4: ='AC+coolers'!I3-'AC+coolers'!H3 -> 225.6016 | W4: ='AC+coolers'!J3-'AC+coolers'!I3 -> 244.55154 | ... AA4: ='AC+coolers'!N3-'AC+coolers'!M3 -> -1124.77
A5: 4 | B5: Bihar | C5: Bihar | D5: 4 | E5: BHR | F5: 10 | G5: 71588.08 | H5: Bihar | I5: Assam | O5: Assam | P5: ='AC+coolers'!C4-'AC+coolers'!B4 -> 1392.1949 | Q5: ='AC+coolers'!D4-'AC+coolers'!C4 -> 1718.3419 | R5: ='AC+coolers'!E4-'AC+coolers'!D4 -> 2086.3392 | S5: ='AC+coolers'!F4-'AC+coolers'!E4 -> 2652.3085 | T5: ='AC+coolers'!G4-'AC+coolers'!F4 -> 3231.0093 | U5: ='AC+coolers'!H4-'AC+coolers'!G4 -> 3987.932 | V5: ='AC+coolers'!I4-'AC+coolers'!H4 -> 4922.1777 | W5: ='AC+coolers'!J4-'AC+coolers'!I4 -> 6075.2875 | ... AA5: ='AC+coolers'!N4-'AC+coolers'!M4 -> 10580.25
A6: 5 | B6: Chandigarh(U.T.) | C6: Chandigarh(U.T.) | D6: 5 | E6: CHN | F6: 04 | G6: 17034.95 | H6: Chandigarh(U.T.) | I6: Bihar | O6: Bihar | P6: ='AC+coolers'!C5-'AC+coolers'!B5 -> 9497.7067 | Q6: ='AC+coolers'!D5-'AC+coolers'!C5 -> 12211.359 | R6: ='AC+coolers'!E5-'AC+coolers'!D5 -> 16637.309 | S6: ='AC+coolers'!F5-'AC+coolers'!E5 -> 19249.234 | T6: ='AC+coolers'!G5-'AC+coolers'!F5 -> 25953.728 | U6: ='AC+coolers'!H5-'AC+coolers'!G5 -> 33369.138 | V6: ='AC+coolers'!I5-'AC+coolers'!H5 -> 42903.254 | W6: ='AC+coolers'!J5-'AC+coolers'!I5 -> 55161.426 | ... AA6: ='AC+coolers'!N5-'AC+coolers'!M5 -> 285119.64
A7: 6 | B7: Chattisgarh | C7: Chattisgarh | D7: 6 | E7: CHG | F7: 22 | G7: 387364.67 | H7: Chattisgarh | I7: Chandigarh(U.T.) | O7: Chandigarh(U.T.) | P7: ='AC+coolers'!C6-'AC+coolers'!B6 -> 2427.665 | Q7: ='AC+coolers'!D6-'AC+coolers'!C6 -> 3262.9934 | R7: ='AC+coolers'!E6-'AC+coolers'!D6 -> 4288.9138 | S7: ='AC+coolers'!F6-'AC+coolers'!E6 -> 5991.6609 | T7: ='AC+coolers'!G6-'AC+coolers'!F6 -> 7923.1616 | U7: ='AC+coolers'!H6-'AC+coolers'!G6 -> 10649.42 | V7: ='AC+coolers'!I6-'AC+coolers'!H6 -> 14313.749 | W7: ='AC+coolers'!J6-'AC+coolers'!I6 -> 19238.926 | ... AA7: ='AC+coolers'!N6-'AC+coolers'!M6 -> 42365.24
A8: 7 | B8: Delhi | C8: Delhi | D8: 7 | E8: DEL | F8: 07 | G8: 2759405.1 | H8: Delhi | I8: Chattisgarh | O8: Chattisgarh | P8: ='AC+coolers'!C7-'AC+coolers'!B7 -> 52699.22 | Q8: ='AC+coolers'!D7-'AC+coolers'!C7 -> 68121.043 | R8: ='AC+coolers'!E7-'AC+coolers'!D7 -> 86461.425 | S8: ='AC+coolers'!F7-'AC+coolers'!E7 -> 115418.89 | T8: ='AC+coolers'!G7-'AC+coolers'!F7 -> 147133.84 | U8: ='AC+coolers'!H7-'AC+coolers'!G7 -> 190190.88 | V8: ='AC+coolers'!I7-'AC+coolers'!H7 -> 245848.06 | W8: ='AC+coolers'!J7-'AC+coolers'!I7 -> 317792.67 | ... AA8: ='AC+coolers'!N7-'AC+coolers'!M7 -> 646376.76
A9: 8 | B9: Goa | C9: Goa | D9: 8 | E9: GOA | F9: 30 | G9: 2461.92 | H9: Goa | I9: Delhi | O9: Delhi | P9: ='AC+coolers'!C8-'AC+coolers'!B8 -> 33514.362 | Q9: ='AC+coolers'!D8-'AC+coolers'!C8 -> 33943.012 | R9: ='AC+coolers'!E8-'AC+coolers'!D8 -> 71598.499 | S9: ='AC+coolers'!F8-'AC+coolers'!E8 -> -2404.5254 | T9: ='AC+coolers'!G8-'AC+coolers'!F8 -> 35262.138 | U9: ='AC+coolers'!H8-'AC+coolers'!G8 -> 35713.142 | V9: ='AC+coolers'!I8-'AC+coolers'!H8 -> 36169.914 | W9: ='AC+coolers'!J8-'AC+coolers'!I8 -> 36632.529 | ... AA9: ='AC+coolers'!N8-'AC+coolers'!M8 -> 735529.24
A10: 9 | B10: Gujarat | C10: Gujarat | D10: 9 | E10: GUJ | F10: 24 | G10: 229560.18 | H10: Gujarat | I10: Goa | O10: Goa | P10: ='AC+coolers'!C9-'AC+coolers'!B9 -> 369.81416 | Q10: ='AC+coolers'!D9-'AC+coolers'!C9 -> 579.55366 | R10: ='AC+coolers'!E9-'AC+coolers'!D9 -> 860.49329 | S10: ='AC+coolers'!F9-'AC+coolers'!E9 -> 1471.1105 | T10: ='AC+coolers'!G9-'AC+coolers'!F9 -> 2230.6119 | U10: ='AC+coolers'!H9-'AC+coolers'!G9 -> 3495.6999 | V10: ='AC+coolers'!I9-'AC+coolers'!H9 -> 5478.2805 | W10: ='AC+coolers'!J9-'AC+coolers'!I9 -> 8585.2785 | ... AA10: ='AC+coolers'!N9-'AC+coolers'!M9 -> 14165.59
A11: 10 | B11: Himachal Pradesh | C11: Himachal Pradesh | D11: 10 | E11: HIM | F11: 02 | G11: 7640.66 | H11: Himachal Pradesh | I11: Gujarat | O11: Gujarat | P11: ='AC+coolers'!C10-'AC+coolers'!B10 -> 32571.073 | Q11: ='AC+coolers'!D10-'AC+coolers'!C10 -> 43767.265 | R11: ='AC+coolers'!E10-'AC+coolers'!D10 -> 58468.667 | S11: ='AC+coolers'!F10-'AC+coolers'!E10 -> 79372.008 | T11: ='AC+coolers'!G10-'AC+coolers'!F10 -> 106194.36 | U11: ='AC+coolers'!H10-'AC+coolers'!G10 -> 142698.3 | V11: ='AC+coolers'!I10-'AC+coolers'!H10 -> 191750.34 | W11: ='AC+coolers'!J10-'AC+coolers'!I10 -> 257663.85 | ... AA11: ='AC+coolers'!N10-'AC+coolers'!M10 -> 767938.23
A12: 11 | B12: Haryana | C12: Haryana | D12: 11 | E12: HAR | F12: 06 | G12: 2117093.3 | H12: Haryana | I12: Himachal Pradesh | O12: Himachal Pradesh | P12: ='AC+coolers'!C11-'AC+coolers'!B11 -> 1124.9148 | Q12: ='AC+coolers'!D11-'AC+coolers'!C11 -> 1590.8303 | R12: ='AC+coolers'!E11-'AC+coolers'!D11 -> 2208.9003 | S12: ='AC+coolers'!F11-'AC+coolers'!E11 -> 3222.3204 | T12: ='AC+coolers'!G11-'AC+coolers'!F11 -> 4499.2127 | U12: ='AC+coolers'!H11-'AC+coolers'!G11 -> 6362.6897 | V12: ='AC+coolers'!I11-'AC+coolers'!H11 -> 8997.9789 | W12: ='AC+coolers'!J11-'AC+coolers'!I11 -> 12724.748 | ... AA12: ='AC+coolers'!N11-'AC+coolers'!M11 -> 37606.95
A13: 12 | B13: Jharkhand | C13: Jharkhand | D13: 12 | E13: JHR | F13: 20 | G13: 95151.38 | H13: Jharkhand | I13: Haryana | O13: Haryana | P13: ='AC+coolers'!C12-'AC+coolers'!B12 -> 132208.66 | Q13: ='AC+coolers'!D12-'AC+coolers'!C12 -> 142723.29 | R13: ='AC+coolers'!E12-'AC+coolers'!D12 -> 179798.48 | S13: ='AC+coolers'!F12-'AC+coolers'!E12 -> 140603.43 | T13: ='AC+coolers'!G12-'AC+coolers'!F12 -> 179555.9 | U13: ='AC+coolers'!H12-'AC+coolers'!G12 -> 193836.08 | V13: ='AC+coolers'!I12-'AC+coolers'!H12 -> 209251.97 | W13: ='AC+coolers'!J12-'AC+coolers'!I12 -> 225893.9 | ... AA13: ='AC+coolers'!N12-'AC+coolers'!M12 -> 1136568.5
A14: 13 | B14: Jammu & Kashmir | C14: Jammu & Kashmir | D14: 13 | E14: JAK | F14: 01 | G14: 85053.13 | H14: Jammu & Kashmir | I14: Jharkhand | O14: Jharkhand | P14: ='AC+coolers'!C13-'AC+coolers'!B13 -> 11175.562 | Q14: ='AC+coolers'!D13-'AC+coolers'!C13 -> 13584.365 | R14: ='AC+coolers'!E13-'AC+coolers'!D13 -> 18542.789 | S14: ='AC+coolers'!F13-'AC+coolers'!E13 -> 18041.048 | T14: ='AC+coolers'!G13-'AC+coolers'!F13 -> 24397.717 | U14: ='AC+coolers'!H13-'AC+coolers'!G13 -> 29656.448 | V14: ='AC+coolers'!I13-'AC+coolers'!H13 -> 36048.657 | W14: ='AC+coolers'!J13-'AC+coolers'!I13 -> 43818.654 | ... AA14: ='AC+coolers'!N13-'AC+coolers'!M13 -> 275580.04
... A33: 32 | B33: West Bengal | C33: West Bengal | D33: 32 | E33: WEB | F33: 19 | G33: 88485.55 | H33: West Bengal | I33: Uttrakhand | O33: Uttrakhand | P33: ='AC+coolers'!C32-'AC+coolers'!B32 -> 14072.083 | Q33: ='AC+coolers'!D32-'AC+coolers'!C32 -> 17203.063 | R33: ='AC+coolers'!E32-'AC+coolers'!D32 -> 21434.094 | S33: ='AC+coolers'!F32-'AC+coolers'!E32 -> 25306.492 | T33: ='AC+coolers'!G32-'AC+coolers'!F32 -> 31430.262 | U33: ='AC+coolers'!H32-'AC+coolers'!G32 -> 38423.365 | V33: ='AC+coolers'!I32-'AC+coolers'!H32 -> 46972.406 | W33: ='AC+coolers'!J32-'AC+coolers'!I32 -> 57423.572 | ... AA33: ='AC+coolers'!N32-'AC+coolers'!M32 -> 165981.39
E34: Total | G34: 13796036 | I34: West Bengal | O34: West Bengal | P34: ='AC+coolers'!C33-'AC+coolers'!B33 -> 12744.78 | Q34: ='AC+coolers'!D33-'AC+coolers'!C33 -> 17690.719 | R34: ='AC+coolers'!E33-'AC+coolers'!D33 -> 25209.086 | S34: ='AC+coolers'!F33-'AC+coolers'!E33 -> 33432.635 | T34: ='AC+coolers'!G33-'AC+coolers'!F33 -> 47313.482 | U34: ='AC+coolers'!H33-'AC+coolers'!G33 -> 65674.693 | V34: ='AC+coolers'!I33-'AC+coolers'!H33 -> 91161.443 | W34: ='AC+coolers'!J33-'AC+coolers'!I33 -> 126538.98 | ... AA34: ='AC+coolers'!N33-'AC+coolers'!M33 -> 650409.29
