Workbook

Sheet CDD18
A1: States | B1: 2011 | C1: 2012 | D1: 2013 | E1: 2014 | F1: 2015 | G1: 2016 | H1: 2017 | I1: 2018 | J1: 2019 | K1: 2020 | L1: 2021 | M1: 2022 | N1: 2023 | O1: 2024
A2: Andhra Pradesh | B2: 3281.054 | C2: 3379.632 | D2: 3234.409 | E2: 3348.415 | F2: 3314.171 | G2: 3398.879 | H2: 3349.984 | I2: 3430.757 | J2: 3457.943 | K2: 3288.449 | L2: 3230.665 | M2: 3184.269 | N2: 3466.361 | O2: 3517.089
A3: Arunachal Pradesh | B3: 644.31 | C3: 672.745 | D3: 709.105 | E3: 731.671 | F3: 635.018 | G3: 717.836 | H3: 737.576 | I3: 675.519 | J3: 728.469 | K3: 699.914 | L3: 733.325 | M3: 704.885 | N3: 718.498 | O3: 803.209
A4: Assam | B4: 2047.504 | C4: 2121.593 | D4: 2232.604 | E4: 2310.06 | F4: 2254.678 | G4: 2373.938 | H4: 2238.503 | I4: 2160.661 | J4: 2201.652 | K4: 2158.223 | L4: 2218.321 | M4: 2144.336 | N4: 2324.596 | O4: 2302.38
A5: Bihar | B5: 2848.325 | C5: 2928.111 | D5: 2792.101 | E5: 2924.015 | F5: 3157.181 | G5: 3197.29 | H5: 3133.656 | I5: 3172.604 | J5: 3103.626 | K5: 2660.024 | L5: 2775.451 | M5: 2944.638 | N5: 3138.382 | O5: 3104.404
A6: Chandigarh | B6: 2129.631 | C6: 2412.312 | D6: 2213.143 | E6: 2417.147 | F6: 2259.713 | G6: 2516.659 | H6: 2324.492 | I6: 2198.638 | J6: 2236.719 | K6: 2071.937 | L6: 2202.965 | M6: 2347.508 | N6: 1895.933 | O6: 2447.031
A7: Chhattisgarh | B7: 2630.031 | C7: 2737.696 | D7: 2632.939 | E7: 2657.744 | F7: 2781.416 | G7: 2933.521 | H7: 2913.714 | I7: 2820.642 | J7: 2866.202 | K7: 2426.333 | L7: 2634.024 | M7: 2697.414 | N7: 2676.756 | O7: 2815.473
A8: Delhi | B8: 2870.942 | C8: 3014.823 | D8: 2749.697 | E8: 3080.943 | F8: 2979.45 | G8: 3196.106 | H8: 3104.712 | I8: 3013.539 | J8: 3102.401 | K8: 2919.302 | L8: 2785.955 | M8: 3109.695 | N8: 2746.816 | O8: 3097.63
A9: Goa | B9: 3206.397 | C9: 3239.922 | D9: 3238.607 | E9: 3336.422 | F9: 3378.607 | G9: 3272.071 | H9: 3311.176 | I9: 3332.103 | J9: 3353.832 | K9: 3350.205 | L9: 3363.864 | M9: 3219.6 | N9: 3494.807 | O9: 3501.688
A10: Gujarat | B10: 3255.951 | C10: 3236.44 | D10: 3067.927 | E10: 3333.447 | F10: 3438.164 | G10: 3438.13 | H10: 3304.691 | I10: 3555.104 | J10: 3186.213 | K10: 3153.746 | L10: 3277.864 | M10: 3260.982 | N10: 3232.23 | O10: 3336.931
A11: Himachal Pradesh | B11: 740.667 | C11: 879.186 | D11: 791.937 | E11: 848.341 | F11: 752.799 | G11: 875.701 | H11: 815.827 | I11: 754.651 | J11: 778.599 | K11: 663.596 | L11: 702.038 | M11: 859.684 | N11: 565.486 | O11: 887.052
A12: Haryana | B12: 2849.548 | C12: 2977.704 | D12: 2788.838 | E12: 3028.828 | F12: 2896.169 | G12: 3163.543 | H12: 3050.423 | I12: 2943.082 | J12: 2980.099 | K12: 2812.515 | L12: 2781.031 | M12: 2995.835 | N12: 2674.772 | O12: 3081.216
... A33: West Bengal | B33: 2735.212 | C33: 2747.972 | D33: 2712.141 | E33: 2812.407 | F33: 2894.633 | G33: 2997.5 | H33: 2812.853 | I33: 2717.896 | J33: 2871.366 | K33: 2603.984 | L33: 2801.478 | M33: 2677.914 | N33: 3000.964 | O33: 2929.958

Sheet CDD20
A1: States | B1: 2011 | C1: 2012 | D1: 2013 | E1: 2014 | F1: 2015 | G1: 2016 | H1: 2017 | I1: 2018 | J1: 2019 | K1: 2020 | L1: 2021 | M1: 2022 | N1: 2023 | O1: 2024
A2: Andhra Pradesh | B2: 2474.019 | C2: 2540.865 | D2: 2425.803 | E2: 2511.503 | F2: 2503.785 | G2: 2565.854 | H2: 2526.998 | I2: 2594.083 | J2: 2616.757 | K2: 2495.391 | L2: 2442.871 | M2: 2398.694 | N2: 2640.062 | O2: 2688.993
A3: Arunachal Pradesh | B3: 681.453 | C3: 707.609 | D3: 754.723 | E3: 765.758 | F3: 689.59 | G3: 755.808 | H3: 751.959 | I3: 720.082 | J3: 768.818 | K3: 732.519 | L3: 760.612 | M3: 738.681 | N3: 758.359 | O3: 819.856
A4: Assam | B4: 1610.964 | C4: 1666.929 | D4: 1722.621 | E4: 1814.968 | F4: 1749.705 | G4: 1852.269 | H4: 1748.697 | I4: 1694.779 | J4: 1744.292 | K4: 1703.14 | L4: 1743.791 | M4: 1701.701 | N4: 1826.374 | O4: 1838.913
A5: Bihar | B5: 2178.218 | C5: 2202.115 | D5: 2152.354 | E5: 2241.427 | F5: 2392.432 | G5: 2428.683 | H5: 2398.758 | I5: 2418.15 | J5: 2347.089 | K5: 2077.468 | L5: 2127.3 | M5: 2289.238 | N5: 2365.565 | O5: 2378.881
A6: Chandigarh | B6: 1608.026 | C6: 1779.692 | D6: 1658.454 | E6: 1794.871 | F6: 1686.883 | G6: 1886.089 | H6: 1758.27 | I6: 1646.996 | J6: 1690.337 | K6: 1600.517 | L6: 1669.864 | M6: 1766.138 | N6: 1440.798 | O6: 1839.398
A7: Chhattisgarh | B7: 1951.373 | C7: 1990.498 | D7: 1950.956 | E7: 1988.678 | F7: 2047.619 | G7: 2181.353 | H7: 2142.762 | I7: 2082.069 | J7: 2123.01 | K7: 1860.166 | L7: 1973.064 | M7: 2020.142 | N7: 1992.611 | O7: 2132.268
A8: Delhi | B8: 2155.144 | C8: 2202.863 | D8: 2077.106 | E8: 2283.316 | F8: 2208.764 | G8: 2362.468 | H8: 2315.908 | I8: 2231.598 | J8: 2315.434 | K8: 2220.559 | L8: 2119.252 | M8: 2338.312 | N8: 2085.348 | O8: 2314.125
A9: Goa | B9: 2467.646 | C9: 2491.992 | D9: 2484.548 | E9: 2578.596 | F9: 2631.158 | G9: 2521.757 | H9: 2570.155 | I9: 2563.928 | J9: 2603.556 | K9: 2610.723 | L9: 2624.446 | M9: 2481.816 | N9: 2737.068 | O9: 2749.904
A10: Gujarat | B10: 2429.225 | C10: 2400.299 | D10: 2280.269 | E10: 2507.732 | F10: 2573.176 | G10: 2535.877 | H10: 2451.11 | I10: 2631.098 | J10: 2384.066 | K10: 2393.353 | L10: 2465.519 | M10: 2421.393 | N10: 2420.573 | O10: 2515.418
A11: Himachal Pradesh | B11: 791.972 | C11: 886.286 | D11: 823.239 | E11: 861.321 | F11: 805.585 | G11: 908.604 | H11: 859.981 | I11: 805.712 | J11: 814.849 | K11: 744.23 | L11: 786.481 | M11: 877.329 | N11: 660.44 | O11: 910.673
A12: Haryana | B12: 2140.863 | C12: 2181.841 | D12: 2103.324 | E12: 2240.08 | F12: 2154.679 | G12: 2345.096 | H12: 2284.651 | I12: 2188.283 | J12: 2238.374 | K12: 2148.807 | L12: 2109.993 | M12: 2256.376 | N12: 2034.01 | O12: 2311.749
... A33: West Bengal | B33: 2129.595 | C33: 2141.835 | D33: 2109.301 | E33: 2199.039 | F33: 2249.224 | G33: 2342.655 | H33: 2207.188 | I33: 2129.155 | J33: 2247.125 | K33: 2064.417 | L33: 2180.814 | M33: 2123.756 | N33: 2335.133 | O33: 2308.153

Sheet CDD26
A1: States | B1: 2011 | C1: 2012 | D1: 2013 | E1: 2014 | F1: 2015 | G1: 2016 | H1: 2017 | I1: 2018 | J1: 2019 | K1: 2020 | L1: 2021 | M1: 2022 | N1: 2023 | O1: 2024
A2: Andhra Pradesh | B2: 652.64 | C2: 729.668 | D2: 614.372 | E2: 742.109 | F2: 661.119 | G2: 701.074 | H2: 716.724 | I2: 725.108 | J2: 819.709 | K2: 643.375 | L2: 611.826 | M2: 590.757 | N2: 768.264 | O2: 783.67
A3: Arunachal Pradesh | B3: 0 | C3: 0 | D3: 0 | E3: 0 | F3: 0 | G3: 0 | H3: 0 | I3: 0 | J3: 0 | K3: 0.096 | L3: 0 | M3: 0 | N3: 0 | O3: 0
A4: Assam | B4: 246.22 | C4: 284.655 | D4: 285.09 | E4: 379.999 | F4: 267.056 | G4: 309.547 | H4: 291.762 | I4: 290.229 | J4: 320.125 | K4: 261.219 | L4: 314.235 | M4: 263.218 | N4: 390.418 | O4: 421.778
A5: Bihar | B5: 791.858 | C5: 1030.015 | D5: 834.376 | E5: 1000.565 | F5: 957.992 | G5: 1093.854 | H5: 1011.188 | I5: 987.703 | J5: 1073.264 | K5: 689.778 | L5: 738.539 | M5: 973.514 | N5: 973.324 | O5: 1036.316
A6: Chandigarh | B6: 503.477 | C6: 735.666 | D6: 534.257 | E6: 766.417 | F6: 547.5 | G6: 692.314 | H6: 606.647 | I6: 532.626 | J6: 630.87 | K6: 443.331 | L6: 473.89 | M6: 621.464 | N6: 302.147 | O6: 698.471
A7: Chhattisgarh | B7: 586.707 | C7: 717.463 | D7: 623.842 | E7: 720.116 | F7: 623.882 | G7: 815.217 | H7: 788.829 | I7: 686.117 | J7: 827.809 | K7: 462.899 | L7: 531.655 | M7: 760.477 | N7: 611.378 | O7: 713.141
A8: Delhi | B8: 964.861 | C8: 1175.624 | D8: 930.566 | E8: 1213.361 | F8: 1055.363 | G8: 1171.984 | H8: 1193.25 | I8: 1056.064 | J8: 1224.489 | K8: 1069.853 | L8: 874.548 | M8: 1254.702 | N8: 798.261 | O8: 1158.424
A9: Goa | B9: 361.298 | C9: 362.291 | D9: 379.133 | E9: 465.234 | F9: 494.817 | G9: 421.024 | H9: 444.463 | I9: 459.35 | J9: 457.735 | K9: 472.302 | L9: 479.382 | M9: 390.237 | N9: 587.716 | O9: 603.125
A10: Gujarat | B10: 800.268 | C10: 847.565 | D10: 685.953 | E10: 907.378 | F10: 930.208 | G10: 878.79 | H10: 810.384 | I10: 970.337 | J10: 836.37 | K10: 847.964 | L10: 862.907 | M10: 838.474 | N10: 725.662 | O10: 937.243
A11: Himachal Pradesh | B11: 4.49 | C11: 44.686 | D11: 37.013 | E11: 39.669 | F11: 2.42 | G11: 10.241 | H11: 7.835 | I11: 7.536 | J11: 17.392 | K11: 0.619 | L11: 7.673 | M11: 19.549 | N11: 0 | O11: 31.903
A12: Haryana | B12: 951.941 | C12: 1149.866 | D12: 957.594 | E12: 1184.376 | F12: 1004.915 | G12: 1162.869 | H12: 1158.632 | I12: 1014.023 | J12: 1143.786 | K12: 997.942 | L12: 869.685 | M12: 1138.608 | N12: 769.25 | O12: 1141.218
... A33: West Bengal | B33: 564.562 | C33: 732.782 | D33: 629.7 | E33: 783.134 | F33: 636.571 | G33: 761.692 | H33: 642.211 | I33: 565.514 | J33: 723.537 | K33: 538.886 | L33: 629.915 | M33: 641.32 | N33: 779.819 | O33: 794.581

Sheet Note
A1: Source: données Renewable Ninja, https://www.renewables.ninja/; données journaliére non pondérées
A2: CDD20 : directement disponible par jour sur le site de Renewable Ninja (je n'ai pas fait le calcul moi -même), ensuite, somme de tous les jours de l'année pour obtenir le CDD annuel par state
A3: CDD18 et 26: téléchargement des données de tempéraures à 2m du sol par state et par jour, ensuite, calcul du CDD journalier en faisant (température moyenne journalière - 18°C/26°C), puis comme pour CDD20
A4: Etats supprimé : A&N islands, Ladakh, D&N islands
A5: Liste des états : pour faire le matching avec les noms des états "clean", best guess et vérification avec liste de chatgpt
A7: States | B7: year | D7: India | E7: 2011 | F7: 2012 | G7: 2013 | H7: 2014 | I7: 2015 | J7: 2016 | K7: 2017 | L7: 2018 | M7: 2019 | N7: 2020 | O7: 2021 | P7: 2022 | Q7: 2023 | R7: 2024
A8: India | B8: IN | D8: CDD18 | E8: 2699.698 | F8: 2739.342 | G8: 2632.995 | H8: 2794.15 | I8: 2860.987 | J8: 2952.925 | K8: 2890.84 | L8: 2869.13 | M8: 2834.681 | N8: 2629.39 | O8: 2682.196 | P8: 2718.948 | Q8: 2794.138 | R8: 2887.152
A9: A & N Islands | B9: IN.AN | D9: CDD20 | E9: 2094.498 | F9: 2134.164 | G9: 2069.956 | H9: 2185.561 | I9: 2221.875 | J9: 2273.411 | K9: 2234.625 | L9: 2219.993 | M9: 2220.387 | N9: 2100.123 | O9: 2105.642 | P9: 2145.876 | Q9: 2180.655 | R9: 2282.961
A10: Andhra Pradesh | B10: IN.AP | D10: CDD26 | E10: 581.906 | F10: 712.072 | G10: 574.095 | H10: 744.998 | I10: 656.781 | J10: 743.458 | K10: 723.944 | L10: 667.876 | M10: 759.986 | N10: 565.419 | O10: 560.674 | P10: 704.101 | Q10: 599.916 | R10: 751.278
A11: Arunachal Pradesh | B11: IN.AR
A12: Assam | B12: IN.AS
A13: Bihar | B13: IN.BR
A14: Chandigarh | B14: IN.CH
A15: Chhattisgarh | B15: IN.CT | L15: States | M15: year
A16: Daman and Diu | B16: IN.DD | L16: India | M16: IN
A17: Delhi | B17: IN.DL | L17: A & N Islands | M17: IN.AN
A18: Dadra & Nagar Haveli and Daman & Diu | B18: IN.DN | L18: Andhra Pradesh | M18: IN.AP
A19: Goa | B19: IN.GA | L19: Arunachal Pradesh | M19: IN.AR
A20: Gujarat | B20: IN.GJ | J20: Nb | K20: States | L20: Assam | M20: IN.AS
A21: Himachal Pradesh | B21: IN.HP | J21: 1 | K21: Andhra Pradesh | L21: Bihar | M21: IN.BR
A22: Haryana | B22: IN.HR | J22: 2 | K22: Arunachal Pradesh | L22: Chandigarh | M22: IN.CH
A23: Jharkhand | B23: IN.JH | J23: 3 | K23: Assam | L23: Chhattisgarh | M23: IN.CT
A24: Jammu & Kashmir | B24: IN.JK | J24: 4 | K24: Bihar | L24: Daman and Diu | M24: IN.DD
A25: Karnataka | B25: IN.KA | J25: 5 | K25: Chandigarh | L25: Delhi | M25: IN.DL
A26: Kerala | B26: IN.KL | J26: 6 | K26: Chhattisgarh | L26: Dadra & Nagar Haveli and Daman & Diu | M26: IN.DN
A27: Ladakh | B27: IN.LD | J27: 7 | K27: Delhi | L27: Goa | M27: IN.GA
A28: Maharashtra | B28: IN.MH | J28: 8 | K28: Goa | L28: Gujarat | M28: IN.GJ
A29: Meghalaya | B29: IN.ML | J29: 9 | K29: Gujarat | L29: Himachal Pradesh | M29: IN.HP
A30: Manipur | B30: IN.MN | J30: 10 | K30: Himachal Pradesh | L30: Haryana | M30: IN.HR
A31: Madhya Pradesh | B31: IN.MP | J31: 11 | K31: Haryana | L31: Jharkhand | M31: IN.JH
A32: Mizoram | B32: IN.MZ | J32: 12 | K32: Jharkhand | L32: Jammu & Kashmir | M32: IN.JK
... A44: West Bengal | B44: IN.WB | J44: 24 | K44: Puducherr | L44: Puducherry | M44: IN.PY
J45: 25 | K45: Rajasthan | L45: Rajasthan | M45: IN.RJ
J46: 26 | K46: Sikkim | L46: Sikkim | M46: IN.SK
J47: 27 | K47: Telangana | L47: Telangana | M47: IN.TG
J48: 28 | K48: Tamil Nadu | L48: Tamil Nadu | M48: IN.TN
J49: 29 | K49: Tripura | L49: Tripura | M49: IN.TR
J50: 30 | K50: Uttar Pradesh | L50: Uttar Pradesh | M50: IN.UP
J51: 31 | K51: Uttarakhand | L51: Uttarakhand | M51: IN.UT
J52: 32 | K52: West Bengal | L52: West Bengal | M52: IN.WB

Sheet vérif
A1: States | B1: CCD18-CDD20 | Q1: States | R1: CDD20-CCD26
A2: Andhra Pradesh | B2: ='CDD18'!B2-'CDD20'!B2 -> 807.035 | C2: ='CDD18'!C2-'CDD20'!C2 -> 838.767 | D2: ='CDD18'!D2-'CDD20'!D2 -> 808.606 | E2: ='CDD18'!E2-'CDD20'!E2 -> 836.912 | F2: ='CDD18'!F2-'CDD20'!F2 -> 810.386 | G2: ='CDD18'!G2-'CDD20'!G2 -> 833.025 | H2: ='CDD18'!H2-'CDD20'!H2 -> 822.986 | I2: ='CDD18'!I2-'CDD20'!I2 -> 836.674 | ... O2: ='CDD18'!O2-'CDD20'!O2 -> 828.096 | Q2: Andhra Pradesh | R2: ='CDD20'!B2-'CDD26'!B2 -> 1821.379 | S2: ='CDD20'!C2-'CDD26'!C2 -> 1811.197 | T2: ='CDD20'!D2-'CDD26'!D2 -> 1811.431 | U2: ='CDD20'!E2-'CDD26'!E2 -> 1769.394 | V2: ='CDD20'!F2-'CDD26'!F2 -> 1842.666 | W2: ='CDD20'!G2-'CDD26'!G2 -> 1864.78 | X2: ='CDD20'!H2-'CDD26'!H2 -> 1810.274 | Y2: ='CDD20'!I2-'CDD26'!I2 -> 1868.975 | ... AE2: ='CDD20'!O2-'CDD26'!O2 -> 1905.323
A3: Arunachal Pradesh | B3: ='CDD18'!B3-'CDD20'!B3 -> -37.143 | C3: ='CDD18'!C3-'CDD20'!C3 -> -34.864 | D3: ='CDD18'!D3-'CDD20'!D3 -> -45.618 | E3: ='CDD18'!E3-'CDD20'!E3 -> -34.087 | F3: ='CDD18'!F3-'CDD20'!F3 -> -54.572 | G3: ='CDD18'!G3-'CDD20'!G3 -> -37.972 | H3: ='CDD18'!H3-'CDD20'!H3 -> -14.383 | I3: ='CDD18'!I3-'CDD20'!I3 -> -44.563 | ... O3: ='CDD18'!O3-'CDD20'!O3 -> -16.647 | Q3: Arunachal Pradesh | R3: ='CDD20'!B3-'CDD26'!B3 -> 681.453 | S3: ='CDD20'!C3-'CDD26'!C3 -> 707.609 | T3: ='CDD20'!D3-'CDD26'!D3 -> 754.723 | U3: ='CDD20'!E3-'CDD26'!E3 -> 765.758 | V3: ='CDD20'!F3-'CDD26'!F3 -> 689.59 | W3: ='CDD20'!G3-'CDD26'!G3 -> 755.808 | X3: ='CDD20'!H3-'CDD26'!H3 -> 751.959 | Y3: ='CDD20'!I3-'CDD26'!I3 -> 720.082 | ... AE3: ='CDD20'!O3-'CDD26'!O3 -> 819.856
A4: Assam | B4: ='CDD18'!B4-'CDD20'!B4 -> 436.54 | C4: ='CDD18'!C4-'CDD20'!C4 -> 454.664 | D4: ='CDD18'!D4-'CDD20'!D4 -> 509.983 | E4: ='CDD18'!E4-'CDD20'!E4 -> 495.092 | F4: ='CDD18'!F4-'CDD20'!F4 -> 504.973 | G4: ='CDD18'!G4-'CDD20'!G4 -> 521.669 | H4: ='CDD18'!H4-'CDD20'!H4 -> 489.806 | I4: ='CDD18'!I4-'CDD20'!I4 -> 465.882 | ... O4: ='CDD18'!O4-'CDD20'!O4 -> 463.467 | Q4: Assam | R4: ='CDD20'!B4-'CDD26'!B4 -> 1364.744 | S4: ='CDD20'!C4-'CDD26'!C4 -> 1382.274 | T4: ='CDD20'!D4-'CDD26'!D4 -> 1437.531 | U4: ='CDD20'!E4-'CDD26'!E4 -> 1434.969 | V4: ='CDD20'!F4-'CDD26'!F4 -> 1482.649 | W4: ='CDD20'!G4-'CDD26'!G4 -> 1542.722 | X4: ='CDD20'!H4-'CDD26'!H4 -> 1456.935 | Y4: ='CDD20'!I4-'CDD26'!I4 -> 1404.55 | ... AE4: ='CDD20'!O4-'CDD26'!O4 -> 1417.135
A5: Bihar | B5: ='CDD18'!B5-'CDD20'!B5 -> 670.107 | C5: ='CDD18'!C5-'CDD20'!C5 -> 725.996 | D5: ='CDD18'!D5-'CDD20'!D5 -> 639.747 | E5: ='CDD18'!E5-'CDD20'!E5 -> 682.588 | F5: ='CDD18'!F5-'CDD20'!F5 -> 764.749 | G5: ='CDD18'!G5-'CDD20'!G5 -> 768.607 | H5: ='CDD18'!H5-'CDD20'!H5 -> 734.898 | I5: ='CDD18'!I5-'CDD20'!I5 -> 754.454 | ... O5: ='CDD18'!O5-'CDD20'!O5 -> 725.523 | Q5: Bihar | R5: ='CDD20'!B5-'CDD26'!B5 -> 1386.36 | S5: ='CDD20'!C5-'CDD26'!C5 -> 1172.1 | T5: ='CDD20'!D5-'CDD26'!D5 -> 1317.978 | U5: ='CDD20'!E5-'CDD26'!E5 -> 1240.862 | V5: ='CDD20'!F5-'CDD26'!F5 -> 1434.44 | W5: ='CDD20'!G5-'CDD26'!G5 -> 1334.829 | X5: ='CDD20'!H5-'CDD26'!H5 -> 1387.57 | Y5: ='CDD20'!I5-'CDD26'!I5 -> 1430.447 | ... AE5: ='CDD20'!O5-'CDD26'!O5 -> 1342.565
A6: Chandigarh | B6: ='CDD18'!B6-'CDD20'!B6 -> 521.605 | C6: ='CDD18'!C6-'CDD20'!C6 -> 632.62 | D6: ='CDD18'!D6-'CDD20'!D6 -> 554.689 | E6: ='CDD18'!E6-'CDD20'!E6 -> 622.276 | F6: ='CDD18'!F6-'CDD20'!F6 -> 572.83 | G6: ='CDD18'!G6-'CDD20'!G6 -> 630.57 | H6: ='CDD18'!H6-'CDD20'!H6 -> 566.222 | I6: ='CDD18'!I6-'CDD20'!I6 -> 551.642 | ... O6: ='CDD18'!O6-'CDD20'!O6 -> 607.633 | Q6: Chandigarh | R6: ='CDD20'!B6-'CDD26'!B6 -> 1104.549 | S6: ='CDD20'!C6-'CDD26'!C6 -> 1044.026 | T6: ='CDD20'!D6-'CDD26'!D6 -> 1124.197 | U6: ='CDD20'!E6-'CDD26'!E6 -> 1028.454 | V6: ='CDD20'!F6-'CDD26'!F6 -> 1139.383 | W6: ='CDD20'!G6-'CDD26'!G6 -> 1193.775 | X6: ='CDD20'!H6-'CDD26'!H6 -> 1151.623 | Y6: ='CDD20'!I6-'CDD26'!I6 -> 1114.37 | ... AE6: ='CDD20'!O6-'CDD26'!O6 -> 1140.927
A7: Chhattisgarh | B7: ='CDD18'!B7-'CDD20'!B7 -> 678.658 | C7: ='CDD18'!C7-'CDD20'!C7 -> 747.198 | D7: ='CDD18'!D7-'CDD20'!D7 -> 681.983 | E7: ='CDD18'!E7-'CDD20'!E7 -> 669.066 | F7: ='CDD18'!F7-'CDD20'!F7 -> 733.797 | G7: ='CDD18'!G7-'CDD20'!G7 -> 752.168 | H7: ='CDD18'!H7-'CDD20'!H7 -> 770.952 | I7: ='CDD18'!I7-'CDD20'!I7 -> 738.573 | ... O7: ='CDD18'!O7-'CDD20'!O7 -> 683.205 | Q7: Chhattisgarh | R7: ='CDD20'!B7-'CDD26'!B7 -> 1364.666 | S7: ='CDD20'!C7-'CDD26'!C7 -> 1273.035 | T7: ='CDD20'!D7-'CDD26'!D7 -> 1327.114 | U7: ='CDD20'!E7-'CDD26'!E7 -> 1268.562 | V7: ='CDD20'!F7-'CDD26'!F7 -> 1423.737 | W7: ='CDD20'!G7-'CDD26'!G7 -> 1366.136 | X7: ='CDD20'!H7-'CDD26'!H7 -> 1353.933 | Y7: ='CDD20'!I7-'CDD26'!I7 -> 1395.952 | ... AE7: ='CDD20'!O7-'CDD26'!O7 -> 1419.127
A8: Delhi | B8: ='CDD18'!B8-'CDD20'!B8 -> 715.798 | C8: ='CDD18'!C8-'CDD20'!C8 -> 811.96 | D8: ='CDD18'!D8-'CDD20'!D8 -> 672.591 | E8: ='CDD18'!E8-'CDD20'!E8 -> 797.627 | F8: ='CDD18'!F8-'CDD20'!F8 -> 770.686 | G8: ='CDD18'!G8-'CDD20'!G8 -> 833.638 | H8: ='CDD18'!H8-'CDD20'!H8 -> 788.804 | I8: ='CDD18'!I8-'CDD20'!I8 -> 781.941 | ... O8: ='CDD18'!O8-'CDD20'!O8 -> 783.505 | Q8: Delhi | R8: ='CDD20'!B8-'CDD26'!B8 -> 1190.283 | S8: ='CDD20'!C8-'CDD26'!C8 -> 1027.239 | T8: ='CDD20'!D8-'CDD26'!D8 -> 1146.54 | U8: ='CDD20'!E8-'CDD26'!E8 -> 1069.955 | V8: ='CDD20'!F8-'CDD26'!F8 -> 1153.401 | W8: ='CDD20'!G8-'CDD26'!G8 -> 1190.484 | X8: ='CDD20'!H8-'CDD26'!H8 -> 1122.658 | Y8: ='CDD20'!I8-'CDD26'!I8 -> 1175.534 | ... AE8: ='CDD20'!O8-'CDD26'!O8 -> 1155.701
A9: Goa | B9: ='CDD18'!B9-'CDD20'!B9 -> 738.751 | C9: ='CDD18'!C9-'CDD20'!C9 -> 747.93 | D9: ='CDD18'!D9-'CDD20'!D9 -> 754.059 | E9: ='CDD18'!E9-'CDD20'!E9 -> 757.826 | F9: ='CDD18'!F9-'CDD20'!F9 -> 747.449 | G9: ='CDD18'!G9-'CDD20'!G9 -> 750.314 | H9: ='CDD18'!H9-'CDD20'!H9 -> 741.021 | I9: ='CDD18'!I9-'CDD20'!I9 -> 768.175 | ... O9: ='CDD18'!O9-'CDD20'!O9 -> 751.784 | Q9: Goa | R9: ='CDD20'!B9-'CDD26'!B9 -> 2106.348 | S9: ='CDD20'!C9-'CDD26'!C9 -> 2129.701 | T9: ='CDD20'!D9-'CDD26'!D9 -> 2105.415 | U9: ='CDD20'!E9-'CDD26'!E9 -> 2113.362 | V9: ='CDD20'!F9-'CDD26'!F9 -> 2136.341 | W9: ='CDD20'!G9-'CDD26'!G9 -> 2100.733 | X9: ='CDD20'!H9-'CDD26'!H9 -> 2125.692 | Y9: ='CDD20'!I9-'CDD26'!I9 -> 2104.578 | ... AE9: ='CDD20'!O9-'CDD26'!O9 -> 2146.779
A10: Gujarat | B10: ='CDD18'!B10-'CDD20'!B10 -> 826.726 | C10: ='CDD18'!C10-'CDD20'!C10 -> 836.141 | D10: ='CDD18'!D10-'CDD20'!D10 -> 787.658 | E10: ='CDD18'!E10-'CDD20'!E10 -> 825.715 | F10: ='CDD18'!F10-'CDD20'!F10 -> 864.988 | G10: ='CDD18'!G10-'CDD20'!G10 -> 902.253 | H10: ='CDD18'!H10-'CDD20'!H10 -> 853.581 | I10: ='CDD18'!I10-'CDD20'!I10 -> 924.006 | ... O10: ='CDD18'!O10-'CDD20'!O10 -> 821.513 | Q10: Gujarat | R10: ='CDD20'!B10-'CDD26'!B10 -> 1628.957 | S10: ='CDD20'!C10-'CDD26'!C10 -> 1552.734 | T10: ='CDD20'!D10-'CDD26'!D10 -> 1594.316 | U10: ='CDD20'!E10-'CDD26'!E10 -> 1600.354 | V10: ='CDD20'!F10-'CDD26'!F10 -> 1642.968 | W10: ='CDD20'!G10-'CDD26'!G10 -> 1657.087 | X10: ='CDD20'!H10-'CDD26'!H10 -> 1640.726 | Y10: ='CDD20'!I10-'CDD26'!I10 -> 1660.761 | ... AE10: ='CDD20'!O10-'CDD26'!O10 -> 1578.175
A11: Himachal Pradesh | B11: ='CDD18'!B11-'CDD20'!B11 -> -51.305 | C11: ='CDD18'!C11-'CDD20'!C11 -> -7.1 | D11: ='CDD18'!D11-'CDD20'!D11 -> -31.302 | E11: ='CDD18'!E11-'CDD20'!E11 -> -12.98 | F11: ='CDD18'!F11-'CDD20'!F11 -> -52.786 | G11: ='CDD18'!G11-'CDD20'!G11 -> -32.903 | H11: ='CDD18'!H11-'CDD20'!H11 -> -44.154 | I11: ='CDD18'!I11-'CDD20'!I11 -> -51.061 | ... O11: ='CDD18'!O11-'CDD20'!O11 -> -23.621 | Q11: Himachal Pradesh | R11: ='CDD20'!B11-'CDD26'!B11 -> 787.482 | S11: ='CDD20'!C11-'CDD26'!C11 -> 841.6 | T11: ='CDD20'!D11-'CDD26'!D11 -> 786.226 | U11: ='CDD20'!E11-'CDD26'!E11 -> 821.652 | V11: ='CDD20'!F11-'CDD26'!F11 -> 803.165 | W11: ='CDD20'!G11-'CDD26'!G11 -> 898.363 | X11: ='CDD20'!H11-'CDD26'!H11 -> 852.146 | Y11: ='CDD20'!I11-'CDD26'!I11 -> 798.176 | ... AE11: ='CDD20'!O11-'CDD26'!O11 -> 878.77
A12: Haryana | B12: ='CDD18'!B12-'CDD20'!B12 -> 708.685 | C12: ='CDD18'!C12-'CDD20'!C12 -> 795.863 | D12: ='CDD18'!D12-'CDD20'!D12 -> 685.514 | E12: ='CDD18'!E12-'CDD20'!E12 -> 788.748 | F12: ='CDD18'!F12-'CDD20'!F12 -> 741.49 | G12: ='CDD18'!G12-'CDD20'!G12 -> 818.447 | H12: ='CDD18'!H12-'CDD20'!H12 -> 765.772 | I12: ='CDD18'!I12-'CDD20'!I12 -> 754.799 | ... O12: ='CDD18'!O12-'CDD20'!O12 -> 769.467 | Q12: Haryana | R12: ='CDD20'!B12-'CDD26'!B12 -> 1188.922 | S12: ='CDD20'!C12-'CDD26'!C12 -> 1031.975 | T12: ='CDD20'!D12-'CDD26'!D12 -> 1145.73 | U12: ='CDD20'!E12-'CDD26'!E12 -> 1055.704 | V12: ='CDD20'!F12-'CDD26'!F12 -> 1149.764 | W12: ='CDD20'!G12-'CDD26'!G12 -> 1182.227 | X12: ='CDD20'!H12-'CDD26'!H12 -> 1126.019 | Y12: ='CDD20'!I12-'CDD26'!I12 -> 1174.26 | ... AE12: ='CDD20'!O12-'CDD26'!O12 -> 1170.531
A13: Jharkhand | B13: ='CDD18'!B13-'CDD20'!B13 -> 625.561 | C13: ='CDD18'!C13-'CDD20'!C13 -> 644.955 | D13: ='CDD18'!D13-'CDD20'!D13 -> 588.562 | E13: ='CDD18'!E13-'CDD20'!E13 -> 611.949 | F13: ='CDD18'!F13-'CDD20'!F13 -> 668.771 | G13: ='CDD18'!G13-'CDD20'!G13 -> 693.126 | H13: ='CDD18'!H13-'CDD20'!H13 -> 657.185 | I13: ='CDD18'!I13-'CDD20'!I13 -> 644.867 | ... O13: ='CDD18'!O13-'CDD20'!O13 -> 657.64 | Q13: Jharkhand | R13: ='CDD20'!B13-'CDD26'!B13 -> 1400.714 | S13: ='CDD20'!C13-'CDD26'!C13 -> 1213.837 | T13: ='CDD20'!D13-'CDD26'!D13 -> 1327.786 | U13: ='CDD20'!E13-'CDD26'!E13 -> 1274.637 | V13: ='CDD20'!F13-'CDD26'!F13 -> 1446.292 | W13: ='CDD20'!G13-'CDD26'!G13 -> 1375.301 | X13: ='CDD20'!H13-'CDD26'!H13 -> 1391.679 | Y13: ='CDD20'!I13-'CDD26'!I13 -> 1420.098 | ... AE13: ='CDD20'!O13-'CDD26'!O13 -> 1345.588
... A33: West Bengal | B33: ='CDD18'!B33-'CDD20'!B33 -> 605.617 | C33: ='CDD18'!C33-'CDD20'!C33 -> 606.137 | D33: ='CDD18'!D33-'CDD20'!D33 -> 602.84 | E33: ='CDD18'!E33-'CDD20'!E33 -> 613.368 | F33: ='CDD18'!F33-'CDD20'!F33 -> 645.409 | G33: ='CDD18'!G33-'CDD20'!G33 -> 654.845 | H33: ='CDD18'!H33-'CDD20'!H33 -> 605.665 | I33: ='CDD18'!I33-'CDD20'!I33 -> 588.741 | ... O33: ='CDD18'!O33-'CDD20'!O33 -> 621.805 | Q33: West Bengal | R33: ='CDD20'!B33-'CDD26'!B33 -> 1565.033 | S33: ='CDD20'!C33-'CDD26'!C33 -> 1409.053 | T33: ='CDD20'!D33-'CDD26'!D33 -> 1479.601 | U33: ='CDD20'!E33-'CDD26'!E33 -> 1415.905 | V33: ='CDD20'!F33-'CDD26'!F33 -> 1612.653 | W33: ='CDD20'!G33-'CDD26'!G33 -> 1580.963 | X33: ='CDD20'!H33-'CDD26'!H33 -> 1564.977 | Y33: ='CDD20'!I33-'CDD26'!I33 -> 1563.641 | ... AE33: ='CDD20'!O33-'CDD26'!O33 -> 1513.572
A36: States | B36: CDD18-CCD26
A37: Andhra Pradesh | B37: ='CDD18'!B2-'CDD26'!B2 -> 2628.414 | C37: ='CDD18'!C2-'CDD26'!C2 -> 2649.964 | D37: ='CDD18'!D2-'CDD26'!D2 -> 2620.037 | E37: ='CDD18'!E2-'CDD26'!E2 -> 2606.306 | F37: ='CDD18'!F2-'CDD26'!F2 -> 2653.052 | G37: ='CDD18'!G2-'CDD26'!G2 -> 2697.805 | H37: ='CDD18'!H2-'CDD26'!H2 -> 2633.26 | I37: ='CDD18'!I2-'CDD26'!I2 -> 2705.649 | ... O37: ='CDD18'!O2-'CDD26'!O2 -> 2733.419
A38: Arunachal Pradesh | B38: ='CDD18'!B3-'CDD26'!B3 -> 644.31 | C38: ='CDD18'!C3-'CDD26'!C3 -> 672.745 | D38: ='CDD18'!D3-'CDD26'!D3 -> 709.105 | E38: ='CDD18'!E3-'CDD26'!E3 -> 731.671 | F38: ='CDD18'!F3-'CDD26'!F3 -> 635.018 | G38: ='CDD18'!G3-'CDD26'!G3 -> 717.836 | H38: ='CDD18'!H3-'CDD26'!H3 -> 737.576 | I38: ='CDD18'!I3-'CDD26'!I3 -> 675.519 | ... O38: ='CDD18'!O3-'CDD26'!O3 -> 803.209
A39: Assam | B39: ='CDD18'!B4-'CDD26'!B4 -> 1801.284 | C39: ='CDD18'!C4-'CDD26'!C4 -> 1836.938 | D39: ='CDD18'!D4-'CDD26'!D4 -> 1947.514 | E39: ='CDD18'!E4-'CDD26'!E4 -> 1930.061 | F39: ='CDD18'!F4-'CDD26'!F4 -> 1987.622 | G39: ='CDD18'!G4-'CDD26'!G4 -> 2064.391 | H39: ='CDD18'!H4-'CDD26'!H4 -> 1946.741 | I39: ='CDD18'!I4-'CDD26'!I4 -> 1870.432 | ... O39: ='CDD18'!O4-'CDD26'!O4 -> 1880.602
A40: Bihar | B40: ='CDD18'!B5-'CDD26'!B5 -> 2056.467 | C40: ='CDD18'!C5-'CDD26'!C5 -> 1898.096 | D40: ='CDD18'!D5-'CDD26'!D5 -> 1957.725 | E40: ='CDD18'!E5-'CDD26'!E5 -> 1923.45 | F40: ='CDD18'!F5-'CDD26'!F5 -> 2199.189 | G40: ='CDD18'!G5-'CDD26'!G5 -> 2103.436 | H40: ='CDD18'!H5-'CDD26'!H5 -> 2122.468 | I40: ='CDD18'!I5-'CDD26'!I5 -> 2184.901 | ... O40: ='CDD18'!O5-'CDD26'!O5 -> 2068.088
A41: Chandigarh | B41: ='CDD18'!B6-'CDD26'!B6 -> 1626.154 | C41: ='CDD18'!C6-'CDD26'!C6 -> 1676.646 | D41: ='CDD18'!D6-'CDD26'!D6 -> 1678.886 | E41: ='CDD18'!E6-'CDD26'!E6 -> 1650.73 | F41: ='CDD18'!F6-'CDD26'!F6 -> 1712.213 | G41: ='CDD18'!G6-'CDD26'!G6 -> 1824.345 | H41: ='CDD18'!H6-'CDD26'!H6 -> 1717.845 | I41: ='CDD18'!I6-'CDD26'!I6 -> 1666.012 | ... O41: ='CDD18'!O6-'CDD26'!O6 -> 1748.56
A42: Chhattisgarh | B42: ='CDD18'!B7-'CDD26'!B7 -> 2043.324 | C42: ='CDD18'!C7-'CDD26'!C7 -> 2020.233 | D42: ='CDD18'!D7-'CDD26'!D7 -> 2009.097 | E42: ='CDD18'!E7-'CDD26'!E7 -> 1937.628 | F42: ='CDD18'!F7-'CDD26'!F7 -> 2157.534 | G42: ='CDD18'!G7-'CDD26'!G7 -> 2118.304 | H42: ='CDD18'!H7-'CDD26'!H7 -> 2124.885 | I42: ='CDD18'!I7-'CDD26'!I7 -> 2134.525 | ... O42: ='CDD18'!O7-'CDD26'!O7 -> 2102.332
A43: Delhi | B43: ='CDD18'!B8-'CDD26'!B8 -> 1906.081 | C43: ='CDD18'!C8-'CDD26'!C8 -> 1839.199 | D43: ='CDD18'!D8-'CDD26'!D8 -> 1819.131 | E43: ='CDD18'!E8-'CDD26'!E8 -> 1867.582 | F43: ='CDD18'!F8-'CDD26'!F8 -> 1924.087 | G43: ='CDD18'!G8-'CDD26'!G8 -> 2024.122 | H43: ='CDD18'!H8-'CDD26'!H8 -> 1911.462 | I43: ='CDD18'!I8-'CDD26'!I8 -> 1957.475 | ... O43: ='CDD18'!O8-'CDD26'!O8 -> 1939.206
A44: Goa | B44: ='CDD18'!B9-'CDD26'!B9 -> 2845.099 | C44: ='CDD18'!C9-'CDD26'!C9 -> 2877.631 | D44: ='CDD18'!D9-'CDD26'!D9 -> 2859.474 | E44: ='CDD18'!E9-'CDD26'!E9 -> 2871.188 | F44: ='CDD18'!F9-'CDD26'!F9 -> 2883.79 | G44: ='CDD18'!G9-'CDD26'!G9 -> 2851.047 | H44: ='CDD18'!H9-'CDD26'!H9 -> 2866.713 | I44: ='CDD18'!I9-'CDD26'!I9 -> 2872.753 | ... O44: ='CDD18'!O9-'CDD26'!O9 -> 2898.563
A45: Gujarat | B45: ='CDD18'!B10-'CDD26'!B10 -> 2455.683 | C45: ='CDD18'!C10-'CDD26'!C10 -> 2388.875 | D45: ='CDD18'!D10-'CDD26'!D10 -> 2381.974 | E45: ='CDD18'!E10-'CDD26'!E10 -> 2426.069 | F45: ='CDD18'!F10-'CDD26'!F10 -> 2507.956 | G45: ='CDD18'!G10-'CDD26'!G10 -> 2559.34 | H45: ='CDD18'!H10-'CDD26'!H10 -> 2494.307 | I45: ='CDD18'!I10-'CDD26'!I10 -> 2584.767 | ... O45: ='CDD18'!O10-'CDD26'!O10 -> 2399.688
A46: Himachal Pradesh | B46: ='CDD18'!B11-'CDD26'!B11 -> 736.177 | C46: ='CDD18'!C11-'CDD26'!C11 -> 834.5 | D46: ='CDD18'!D11-'CDD26'!D11 -> 754.924 | E46: ='CDD18'!E11-'CDD26'!E11 -> 808.672 | F46: ='CDD18'!F11-'CDD26'!F11 -> 750.379 | G46: ='CDD18'!G11-'CDD26'!G11 -> 865.46 | H46: ='CDD18'!H11-'CDD26'!H11 -> 807.992 | I46: ='CDD18'!I11-'CDD26'!I11 -> 747.115 | ... O46: ='CDD18'!O11-'CDD26'!O11 -> 855.149
A47: Haryana | B47: ='CDD18'!B12-'CDD26'!B12 -> 1897.607 | C47: ='CDD18'!C12-'CDD26'!C12 -> 1827.838 | D47: ='CDD18'!D12-'CDD26'!D12 -> 1831.244 | E47: ='CDD18'!E12-'CDD26'!E12 -> 1844.452 | F47: ='CDD18'!F12-'CDD26'!F12 -> 1891.254 | G47: ='CDD18'!G12-'CDD26'!G12 -> 2000.674 | H47: ='CDD18'!H12-'CDD26'!H12 -> 1891.791 | I47: ='CDD18'!I12-'CDD26'!I12 -> 1929.059 | ... O47: ='CDD18'!O12-'CDD26'!O12 -> 1939.998
A48: Jharkhand | B48: ='CDD18'!B13-'CDD26'!B13 -> 2026.275 | C48: ='CDD18'!C13-'CDD26'!C13 -> 1858.792 | D48: ='CDD18'!D13-'CDD26'!D13 -> 1916.348 | E48: ='CDD18'!E13-'CDD26'!E13 -> 1886.586 | F48: ='CDD18'!F13-'CDD26'!F13 -> 2115.063 | G48: ='CDD18'!G13-'CDD26'!G13 -> 2068.427 | H48: ='CDD18'!H13-'CDD26'!H13 -> 2048.864 | I48: ='CDD18'!I13-'CDD26'!I13 -> 2064.965 | ... O48: ='CDD18'!O13-'CDD26'!O13 -> 2003.228
... A68: West Bengal | B68: ='CDD18'!B33-'CDD26'!B33 -> 2170.65 | C68: ='CDD18'!C33-'CDD26'!C33 -> 2015.19 | D68: ='CDD18'!D33-'CDD26'!D33 -> 2082.441 | E68: ='CDD18'!E33-'CDD26'!E33 -> 2029.273 | F68: ='CDD18'!F33-'CDD26'!F33 -> 2258.062 | G68: ='CDD18'!G33-'CDD26'!G33 -> 2235.808 | H68: ='CDD18'!H33-'CDD26'!H33 -> 2170.642 | I68: ='CDD18'!I33-'CDD26'!I33 -> 2152.382 | ... O68: ='CDD18'!O33-'CDD26'!O33 -> 2135.377
